Workbook

Sheet Pivotchart
A3: Sum of COST2 | B3: Column Labels
A4: Row Labels | B4: long | C4: medium | D4: short | E4: (blank) | F4: Grand Total
A5: Allergic Reaction | D5: 6600 | F5: 6600
A6: Appendicitis | C6: 528000 | F6: 528000
A7: Cancer | B7: 1650000 | F7: 1650000
A8: Childbirth | D8: 780000 | F8: 780000
A9: Diabetes | D9: 130000 | F9: 130000
A10: Fractured Arm | D10: 33000 | F10: 33000
A11: Fractured Leg | C11: 201000 | F11: 201000
A12: Heart Attack | B12: 1206000 | F12: 1206000
A13: Heart Disease | C13: 975000 | F13: 975000
A14: Hypertension | D14: 66000 | F14: 66000
A15: Kidney Stones | C15: 390000 | F15: 390000
A16: Osteoarthritis | C16: 256000 | F16: 256000
A17: Prostate Cancer | B17: 1300000 | F17: 1300000
A18: Respiratory Infection | D18: 52000 | F18: 52000
A19: Stroke | C19: 660000 | F19: 660000
A20: (blank)
A21: Grand Total | B21: 4156000 | C21: 3010000 | D21: 1067600 | F21: 8233600

Sheet hospital_data_analysis
A2: Patient_ID | B2: Age | C2: Gender | D2: Condition | E2: PROCEDURE | F2: Cost | G2: Length_of_Stay | H2: Readmission | I2: Outcome | J2: Satisfaction | K2: Stay class
A3: 1 | B3: 45 | C3: Female | D3: Heart Disease | E3: Angioplasty | F3: 15000 | G3: 5 | H3: No | I3: Recovered | J3: 4 | K3: =IF(G3<=3,"short",IF(G3<=7,"medium","long")) -> medium | N3: TOTAL COST PER CONDITION
A4: 2 | B4: 60 | C4: Male | D4: Diabetes | E4: Insulin Therapy | F4: 2000 | G4: 3 | H4: Yes | I4: Stable | J4: 3 | K4: =IF(G4<=3,"short",IF(G4<=7,"medium","long")) -> short
A5: 3 | B5: 32 | C5: Female | D5: Fractured Arm | E5: X-Ray and Splint | F5: 500 | G5: 1 | H5: No | I5: Recovered | J5: 5 | K5: =IF(G5<=3,"short",IF(G5<=7,"medium","long")) -> short | N5: CONDITION | O5: COST
A6: 4 | B6: 75 | C6: Male | D6: Stroke | E6: CT Scan and Medication | F6: 10000 | G6: 7 | H6: Yes | I6: Stable | J6: 2 | K6: =IF(G6<=3,"short",IF(G6<=7,"medium","long")) -> medium | N6: Heart Disease | O6: =SUMIF(hospital_data_analysis!$D$3:$D$986,hospital_data_analysis!$D3,hospital_data_analysis!$F$3:$F$986) -> 975000
A7: 5 | B7: 50 | C7: Female | D7: Cancer | E7: Surgery and Chemotherapy | F7: 25000 | G7: 10 | H7: No | I7: Recovered | J7: 4 | K7: =IF(G7<=3,"short",IF(G7<=7,"medium","long")) -> long | N7: Diabetes | O7: =SUMIF(hospital_data_analysis!$D$3:$D$986,hospital_data_analysis!$D4,hospital_data_analysis!$F$3:$F$986) -> 130000
A8: 6 | B8: 68 | C8: Male | D8: Hypertension | E8: Medication and Counseling | F8: 1000 | G8: 2 | H8: No | I8: Stable | J8: 4 | K8: =IF(G8<=3,"short",IF(G8<=7,"medium","long")) -> short | N8: Fractured Arm | O8: =SUMIF(hospital_data_analysis!$D$3:$D$986,hospital_data_analysis!$D5,hospital_data_analysis!$F$3:$F$986) -> 33000
A9: 7 | B9: 55 | C9: Female | D9: Appendicitis | E9: Appendectomy | F9: 8000 | G9: 4 | H9: No | I9: Recovered | J9: 3 | K9: =IF(G9<=3,"short",IF(G9<=7,"medium","long")) -> medium | N9: Stroke | O9: =SUMIF(hospital_data_analysis!$D$3:$D$986,hospital_data_analysis!$D6,hospital_data_analysis!$F$3:$F$986) -> 660000
A10: 8 | B10: 40 | C10: Male | D10: Fractured Leg | E10: Cast and Physical Therapy | F10: 3000 | G10: 6 | H10: No | I10: Recovered | J10: 4 | K10: =IF(G10<=3,"short",IF(G10<=7,"medium","long")) -> medium | N10: Cancer | O10: =SUMIF(hospital_data_analysis!$D$3:$D$986,hospital_data_analysis!$D7,hospital_data_analysis!$F$3:$F$986) -> 1650000
A11: 9 | B11: 70 | C11: Female | D11: Heart Attack | E11: Cardiac Catheterization | F11: 18000 | G11: 8 | H11: Yes | I11: Stable | J11: 2 | K11: =IF(G11<=3,"short",IF(G11<=7,"medium","long")) -> long | N11: Hypertension | O11: =SUMIF(hospital_data_analysis!$D$3:$D$986,hospital_data_analysis!$D8,hospital_data_analysis!$F$3:$F$986) -> 66000
A12: 10 | B12: 25 | C12: Male | D12: Allergic Reaction | E12: Epinephrine Injection | F12: 100 | G12: 1 | H12: No | I12: Recovered | J12: 5 | K12: =IF(G12<=3,"short",IF(G12<=7,"medium","long")) -> short | N12: Appendicitis | O12: =SUMIF(hospital_data_analysis!$D$3:$D$986,hospital_data_analysis!$D9,hospital_data_analysis!$F$3:$F$986) -> 528000
A13: 11 | B13: 48 | C13: Female | D13: Respiratory Infection | E13: Antibiotics and Rest | F13: 800 | G13: 2 | H13: No | I13: Stable | J13: 4 | K13: =IF(G13<=3,"short",IF(G13<=7,"medium","long")) -> short | N13: Fractured Leg | O13: =SUMIF(hospital_data_analysis!$D$3:$D$986,hospital_data_analysis!$D10,hospital_data_analysis!$F$3:$F$986) -> 201000
A14: 12 | B14: 65 | C14: Male | D14: Prostate Cancer | E14: Radiation Therapy | F14: 20000 | G14: 9 | H14: No | I14: Recovered | J14: 3 | K14: =IF(G14<=3,"short",IF(G14<=7,"medium","long")) -> long | N14: Heart Attack | O14: =SUMIF(hospital_data_analysis!$D$3:$D$986,hospital_data_analysis!$D11,hospital_data_analysis!$F$3:$F$986) -> 1206000
A15: 13 | B15: 30 | C15: Female | D15: Childbirth | E15: Delivery and Postnatal Care | F15: 12000 | G15: 3 | H15: No | I15: Recovered | J15: 4 | K15: =IF(G15<=3,"short",IF(G15<=7,"medium","long")) -> short | N15: Allergic Reaction | O15: =SUMIF(hospital_data_analysis!$D$3:$D$986,hospital_data_analysis!$D12,hospital_data_analysis!$F$3:$F$986) -> 6600
A16: 14 | B16: 52 | C16: Male | D16: Kidney Stones | E16: Lithotripsy | F16: 6000 | G16: 4 | H16: No | I16: Recovered | J16: 3 | K16: =IF(G16<=3,"short",IF(G16<=7,"medium","long")) -> medium | N16: Respiratory Infection | O16: =SUMIF(hospital_data_analysis!$D$3:$D$986,hospital_data_analysis!$D13,hospital_data_analysis!$F$3:$F$986) -> 52000
A17: 15 | B17: 58 | C17: Female | D17: Osteoarthritis | E17: Physical Therapy and Pain Management | F17: 4000 | G17: 5 | H17: No | I17: Stable | J17: 4 | K17: =IF(G17<=3,"short",IF(G17<=7,"medium","long")) -> medium | N17: Prostate Cancer | O17: =SUMIF(hospital_data_analysis!$D$3:$D$986,hospital_data_analysis!$D14,hospital_data_analysis!$F$3:$F$986) -> 1300000
... A20: 18 | B20: 35 | C20: Female | D20: Fractured Arm | E20: X-Ray and Splint | F20: 500 | G20: 2 | H20: Yes | I20: Recovered | J20: 5 | K20: =IF(G20<=3,"short",IF(G20<=7,"medium","long")) -> short | N20: Osteoarthritis | O20: =SUMIF(hospital_data_analysis!$D$3:$D$986,hospital_data_analysis!$D17,hospital_data_analysis!$F$3:$F$986) -> 256000
A21: 19 | B21: 78 | C21: Male | D21: Stroke | E21: CT Scan and Medication | F21: 10000 | G21: 8 | H21: No | I21: Stable | J21: 2 | K21: =IF(G21<=3,"short",IF(G21<=7,"medium","long")) -> long
A22: 20 | B22: 53 | C22: Female | D22: Cancer | E22: Surgery and Chemotherapy | F22: 25000 | G22: 11 | H22: Yes | I22: Recovered | J22: 4 | K22: =IF(G22<=3,"short",IF(G22<=7,"medium","long")) -> long
A23: 21 | B23: 72 | C23: Male | D23: Hypertension | E23: Medication and Counseling | F23: 1000 | G23: 3 | H23: No | I23: Stable | J23: 4 | K23: =IF(G23<=3,"short",IF(G23<=7,"medium","long")) -> short
A24: 22 | B24: 60 | C24: Female | D24: Appendicitis | E24: Appendectomy | F24: 8000 | G24: 5 | H24: Yes | I24: Recovered | J24: 3 | K24: =IF(G24<=3,"short",IF(G24<=7,"medium","long")) -> medium
A25: 23 | B25: 45 | C25: Male | D25: Fractured Leg | E25: Cast and Physical Therapy | F25: 3000 | G25: 7 | H25: No | I25: Recovered | J25: 4 | K25: =IF(G25<=3,"short",IF(G25<=7,"medium","long")) -> medium
A26: 24 | B26: 75 | C26: Female | D26: Heart Attack | E26: Cardiac Catheterization | F26: 18000 | G26: 9 | H26: Yes | I26: Stable | J26: 2 | K26: =IF(G26<=3,"short",IF(G26<=7,"medium","long")) -> long
A27: 25 | B27: 28 | C27: Male | D27: Allergic Reaction | E27: Epinephrine Injection | F27: 100 | G27: 2 | H27: No | I27: Recovered | J27: 5 | K27: =IF(G27<=3,"short",IF(G27<=7,"medium","long")) -> short
A28: 26 | B28: 52 | C28: Female | D28: Respiratory Infection | E28: Antibiotics and Rest | F28: 800 | G28: 3 | H28: No | I28: Stable | J28: 4 | K28: =IF(G28<=3,"short",IF(G28<=7,"medium","long")) -> short
A29: 27 | B29: 67 | C29: Male | D29: Prostate Cancer | E29: Radiation Therapy | F29: 20000 | G29: 10 | H29: No | I29: Recovered | J29: 3 | K29: =IF(G29<=3,"short",IF(G29<=7,"medium","long")) -> long
A30: 28 | B30: 35 | C30: Female | D30: Childbirth | E30: Delivery and Postnatal Care | F30: 12000 | G30: 4 | H30: No | I30: Recovered | J30: 4 | K30: =IF(G30<=3,"short",IF(G30<=7,"medium","long")) -> medium
A31: 29 | B31: 50 | C31: Male | D31: Kidney Stones | E31: Lithotripsy | F31: 6000 | G31: 5 | H31: No | I31: Recovered | J31: 3 | K31: =IF(G31<=3,"short",IF(G31<=7,"medium","long")) -> medium
A32: 30 | B32: 60 | C32: Female | D32: Osteoarthritis | E32: Physical Therapy and Pain Management | F32: 4000 | G32: 6 | H32: No | I32: Stable | J32: 4 | K32: =IF(G32<=3,"short",IF(G32<=7,"medium","long")) -> medium
... A986: 1000 | B986: 25 | C986: Male | D986: Allergic Reaction | E986: Epinephrine Injection | F986: 100 | G986: 68 | H986: No | I986: Recovered | J986: 5 | K986: =IF(G986<=3,"short",IF(G986<=7,"medium","long")) -> long
